[Header],,,
FileFormatVersion,2,,
MyRunName,A4314,,
InstrumentPlatform,NovaSeqS4,,
InstrumentType,NovaSeqS4,,
,,,
[Reads],,,
Read1Cycles,148,,
Index1Cycles,17,,
Index2Cycles,8,,
Read2Cycles,148,,
,,,
[Data],,,
Lane,Sample_ID,index,index2
2,A4314_13_S-BeLOV-324060,GCCTATCA,AATGGTCG
2,A4314_13_S-BeLOV-329163,CTTGGATG,TCGCTATC
2,A4314_13_S-BeLOV-333571,AGTCTCAC,CGTCCATT
2,A4314_13_S-BeLOV-334965,CTCATCAG,TACTAGCG
2,A4314_13_S-BeLOV-343219,TGTACCGT,CCTAGAGA
2,A4314_13_S-BeLOV-332130,AAGTCGAG,CGCAATGT
2,A4314_13_S-BeLOV-358639,CACGTTGT,ACACCTCA
2,A4314_13_S-BeLOV-327677,TCACAGCA,GAGGCATT
2,A4314_14_S-BeLOV-324114,CTACTTGG,TACTCCAG
2,A4314_14_S-BeLOV-329218,CCTCAGTT,CAGCATAC
2,A4314_14_S-BeLOV-333995,TCCTACCT,ACTCTCCA
2,A4314_14_S-BeLOV-335784,ATGGCGAA,CTCTATCG
2,A4314_14_S-BeLOV-346662,CTTACCTG,GCAATGAG
2,A4314_14_S-BeLOV-352025,CTCGATAC,AAGCTGGT
2,A4314_14_S-BeLOV-359013,TCCGTGAA,CACGATTC
2,A4314_14_S-BeLOV-328390,TAGAGCTC,AGAAGCCT
2,A4314_15_S-BeLOV-324470,TGACTGAC,CAGAACTG
2,A4314_15_S-BeLOV-330745,TAGACGTG,CTCACCAA
2,A4314_15_S-BeLOV-333782,CCGGAATT,ACCGAATG
2,A4314_15_S-BeLOV-336516,CTCCTAGA,GCTTCACA
2,A4314_15_S-BeLOV-346775,CAACGGAT,GCCACTTA
2,A4314_15_S-BeLOV-351909,TGGCTATC,CATCACGT
2,A4314_15_S-BeLOV-362700,CGGTCATA,TGCTCTAC
2,A4314_15_S-BeLOV-328955,TCCAATCG,CAACTGAC
2,A4314_16_S-BeLOV-324524,GAGCTTGT,CCTCGAAT
2,A4314_16_S-BeLOV-330020,GAAGGTTC,CCAGTATC
2,A4314_16_S-BeLOV-334050,ATCTCGCT,AACAAGGC
2,A4314_16_S-BeLOV-336529,AGTTACGG,GAGACCAA
2,A4314_16_S-BeLOV-347171,GTGTCTGA,ATAGTCGG
2,A4314_16_S-BeLOV-352505,TGACTTCG,CTTAGGAC
2,A4314_16_S-BeLOV-362755,TGGATCAC,GCATTGGT
2,A4314_16_S-BeLOV-329734,ACACCAGT,AGTGCATC
2,A4314_33_S-BeLOV-361011,TTCCTGTG,CTCCTGAA
2,A4314_33_S-BeLOV-351519,CGTTGAGT,GCATAGTC
2,A4314_33_S-BeLOV-354028,AGTCGCTT,TCGAACCT
2,A4314_33_S-BeLOV-365755,TAGGTAGG,CACAGACT
2,A4314_33_S-BeLOV-365591,CAGGAGAT,CCTTAGGT
2,A4314_33_S-BeLOV-436756,CATCGTGA,TACCTGCA
2,A4314_33_S-BeLOV-346907,TGTTGTGG,GTGTCCTT
2,A4314_33_S-BeLOV-358277,ACAGACCT,CTAGGTTG
2,A4314_34_S-BeLOV-347934,GTCCTTCT,TGTGTCAG
2,A4314_34_S-BeLOV-351735,TGATACGC,CAACGAGT
2,A4314_34_S-BeLOV-347679,CTGTGTTG,TAGGAGCT
2,A4314_34_S-BeLOV-365923,AACGTGGA,CCGATGTA
2,A4314_34_S-BeLOV-366595,GTTGCGAT,GACTTGTG
2,A4314_34_S-BeLOV-343499,AACGACGT,TCAATCCG
2,A4314_34_S-BeLOV-354335,CGTATTCG,TGTCGACT
2,A4314_34_S-BeLOV-358332,AGCAAGCA,AAGGAGAC
2,A4314_35_S-BeLOV-348204,TGTTCGAG,CGTATCTC
2,A4314_35_S-BeLOV-351628,CTCCATGT,ACACCGAT
2,A4314_35_S-BeLOV-348217,CGTCTTGT,TTGCGAGA
2,A4314_35_S-BeLOV-366226,ATAAGGCG,GCGTTAGA
2,A4314_35_S-BeLOV-367402,TGTCTGCT,GTCGATTG
2,A4314_35_S-BeLOV-343900,CGCTTAAC,AAGTCCTC
2,A4314_35_S-BeLOV-354506,GATCCATG,CAACTCCA
2,A4314_35_S-BeLOV-359068,ACCTCTGT,ATGCCTAG
2,A4314_36_S-BeLOV-348663,GCCACTTA,GAGTAGAG
2,A4314_36_S-BeLOV-351573,ACCTGACT,ACGCTTCT
2,A4314_36_S-BeLOV-348338,GTTAAGGC,ACCTTCGA
2,A4314_36_S-BeLOV-367346,ATGCCAAC,TTACCGAC
2,A4314_36_S-BeLOV-367557,AGAGGTTG,GTCATCGT
2,A4314_36_S-BeLOV-343956,ACCATCCA,CATACGGA
2,A4314_36_S-BeLOV-354390,GTGGATAG,TCACCTAG
2,A4314_36_S-BeLOV-358976,CTGAGATC,AGGCAATG
